transaction_id,transaction_type,customer_id,customer_name,first_transaction_date,transaction_cohort,sign_up_cohort,kyc_cohort,week_number,transaction_date,ghs_amount,usd_amount,exchange_rate,sign_up_date,kyc_completed_date,investment_type,asset_type,assets_maturity_date,investment_maturity_date,funding_source,breakage_fee_applied,ghs_cash_flow,usd_cash_flow
6f28ac6b-2cfc-4ec7-8a1a-a665a63cf678,deposit,865aab89-22be-4f4d-b13c-a45ffdc988c6,Jesse Hopkins,2024-08-21 15:58:53.599067+00:00,2024-08,2024-06,2025-04,35.0,2024-08-26 09:40:00.220233+00:00,20.0,1.17,17.08,2024-06-26 21:58:35.566847+00:00,2025-04-11 15:35:59.584045+00:00,flex dollar savings,unknown,1970-01-01 00:00:00+00:00,1970-01-01 00:00:00+00:00,mobile money,False,20.0,1.17
bdf9951c-916b-4e66-96c4-aa72c025acfa,deposit,865aab89-22be-4f4d-b13c-a45ffdc988c6,Jesse Hopkins,2024-08-21 15:58:53.599067+00:00,2024-10,2024-06,2025-04,41.0,2024-10-10 09:40:00.234441+00:00,20.0,1.18,16.92,2024-06-26 21:58:35.566847+00:00,2025-04-11 15:35:59.584045+00:00,flex dollar savings,unknown,1970-01-01 00:00:00+00:00,1970-01-01 00:00:00+00:00,mobile money,False,20.0,1.18
80e29a97-c2e9-4fa8-923d-c7cbb5394412,deposit,fe989999-b36a-4dd5-a2d8-c581dfc4b8f7,Amy Nelson,2025-03-05 16:10:48.464645+00:00,2025-03,2025-03,2025-04,10.0,2025-03-07 10:26:14.436273+00:00,100.0,6.38,15.66,2025-03-05 10:54:22.701530+00:00,2025-04-11 15:35:59.531498+00:00,flex dollar savings,unknown,1970-01-01 00:00:00+00:00,1970-01-01 00:00:00+00:00,mobile money,False,100.0,6.38
1b2a659c-ae60-4975-854d-8f4f40f36b54,deposit,865aab89-22be-4f4d-b13c-a45ffdc988c6,Jesse Hopkins,2024-08-21 15:58:53.599067+00:00,2024-10,2024-06,2025-04,41.0,2024-10-10 11:49:22.313753+00:00,20.0,1.18,16.92,2024-06-26 21:58:35.566847+00:00,2025-04-11 15:35:59.584045+00:00,goal savings,unknown,1970-01-01 00:00:00+00:00,1970-01-01 00:00:00+00:00,mobile money,False,20.0,1.18
971533a7-3c22-48c5-9a4e-a6312bd77835,deposit,fe989999-b36a-4dd5-a2d8-c581dfc4b8f7,Amy Nelson,2025-03-05 16:10:48.464645+00:00,2025-03,2025-03,2025-04,10.0,2025-03-05 16:10:48.464645+00:00,100.0,6.41,15.6,2025-03-05 10:54:22.701530+00:00,2025-04-11 15:35:59.531498+00:00,flex dollar savings,unknown,1970-01-01 00:00:00+00:00,1970-01-01 00:00:00+00:00,mobile money,False,100.0,6.41
ff022ff8-9270-4928-8816-74b522c26f83,deposit,865aab89-22be-4f4d-b13c-a45ffdc988c6,Jesse Hopkins,2024-08-21 15:58:53.599067+00:00,2024-08,2024-06,2025-04,35.0,2024-08-28 09:40:00.412060+00:00,20.0,1.16,17.17,2024-06-26 21:58:35.566847+00:00,2025-04-11 15:35:59.584045+00:00,flex dollar savings,unknown,1970-01-01 00:00:00+00:00,1970-01-01 00:00:00+00:00,mobile money,False,20.0,1.16
349fbc7d-29ce-42c9-9456-f48daa9433f4,deposit,865aab89-22be-4f4d-b13c-a45ffdc988c6,Jesse Hopkins,2024-08-21 15:58:53.599067+00:00,2024-08,2024-06,2025-04,35.0,2024-08-29 09:40:00.260341+00:00,20.0,1.15,17.3,2024-06-26 21:58:35.566847+00:00,2025-04-11 15:35:59.584045+00:00,flex dollar savings,unknown,1970-01-01 00:00:00+00:00,1970-01-01 00:00:00+00:00,mobile money,False,20.0,1.15
a5380dc9-ab58-4ed3-ae2d-d61f3194b758,deposit,f7078c0c-a304-4900-89b5-e963594ba58b,Karen Alvarez,2025-03-11 15:10:17.790509+00:00,2025-03,2024-06,2025-04,11.0,2025-03-11 15:10:17.790509+00:00,750.0,47.74,15.71,2024-06-27 04:12:17.502769+00:00,2025-04-11 15:35:59.575604+00:00,flex dollar savings,unknown,1970-01-01 00:00:00+00:00,1970-01-01 00:00:00+00:00,mobile money,False,750.0,47.74
2fa4f70b-b216-41f8-8b55-ecd74ef52d4c,deposit,c672a6a6-d79a-4c72-a4a2-ecaad65a8d92,Robert Hernandez,2025-03-12 17:26:49.260758+00:00,2025-03,2025-03,2025-04,11.0,2025-03-12 17:26:49.260758+00:00,392.5,25.0,15.7,2025-03-07 10:48:14.516950+00:00,2025-04-11 15:35:59.526872+00:00,goal savings,unknown,1970-01-01 00:00:00+00:00,1970-01-01 00:00:00+00:00,mobile money,False,392.5,25.0
2778fc34-b2d5-468d-9191-cda8d0451378,deposit,865aab89-22be-4f4d-b13c-a45ffdc988c6,Jesse Hopkins,2024-08-21 15:58:53.599067+00:00,2024-08,2024-06,2025-04,34.0,2024-08-21 16:47:26.414170+00:00,50.0,2.95,16.91,2024-06-26 21:58:35.566847+00:00,2025-04-11 15:35:59.584045+00:00,goal savings,unknown,1970-01-01 00:00:00+00:00,1970-01-01 00:00:00+00:00,mobile money,False,50.0,2.95
e125903e-4aaa-4429-ba1d-58d7c3cbb474,deposit,c672a6a6-d79a-4c72-a4a2-ecaad65a8d92,Robert Hernandez,2025-03-12 17:26:49.260758+00:00,2025-03,2025-03,2025-04,11.0,2025-03-13 12:59:52.333892+00:00,30.0,1.9,15.72,2025-03-07 10:48:14.516950+00:00,2025-04-11 15:35:59.526872+00:00,flex dollar savings,unknown,1970-01-01 00:00:00+00:00,1970-01-01 00:00:00+00:00,mobile money,False,30.0,1.9
bf7fd75f-bcea-4a1b-b020-e7cbad3060c7,deposit,865aab89-22be-4f4d-b13c-a45ffdc988c6,Jesse Hopkins,2024-08-21 15:58:53.599067+00:00,2024-08,2024-06,2025-04,34.0,2024-08-23 09:40:00.242355+00:00,20.0,1.17,16.96,2024-06-26 21:58:35.566847+00:00,2025-04-11 15:35:59.584045+00:00,flex dollar savings,unknown,1970-01-01 00:00:00+00:00,1970-01-01 00:00:00+00:00,mobile money,False,20.0,1.17
87385b51-3d93-4272-93d3-53529f5c50b8,deposit,865aab89-22be-4f4d-b13c-a45ffdc988c6,Jesse Hopkins,2024-08-21 15:58:53.599067+00:00,2024-08,2024-06,2025-04,34.0,2024-08-24 09:40:00.233028+00:00,20.0,1.17,17.03,2024-06-26 21:58:35.566847+00:00,2025-04-11 15:35:59.584045+00:00,flex dollar savings,unknown,1970-01-01 00:00:00+00:00,1970-01-01 00:00:00+00:00,mobile money,False,20.0,1.17
5df3add0-74b7-4f0c-8277-47d8d90c50d5,deposit,865aab89-22be-4f4d-b13c-a45ffdc988c6,Jesse Hopkins,2024-08-21 15:58:53.599067+00:00,2024-08,2024-06,2025-04,35.0,2024-08-31 09:40:00.233038+00:00,20.0,1.16,17.14,2024-06-26 21:58:35.566847+00:00,2025-04-11 15:35:59.584045+00:00,flex dollar savings,unknown,1970-01-01 00:00:00+00:00,1970-01-01 00:00:00+00:00,mobile money,False,20.0,1.16
2ee39ed4-6916-4180-a516-b328393a9eeb,deposit,865aab89-22be-4f4d-b13c-a45ffdc988c6,Jesse Hopkins,2024-08-21 15:58:53.599067+00:00,2024-09,2024-06,2025-04,36.0,2024-09-02 09:40:00.227987+00:00,20.0,1.19,16.78,2024-06-26 21:58:35.566847+00:00,2025-04-11 15:35:59.584045+00:00,flex dollar savings,unknown,1970-01-01 00:00:00+00:00,1970-01-01 00:00:00+00:00,mobile money,False,20.0,1.19
fabaf011-0e5e-4068-a5e8-d495098c4529,deposit,865aab89-22be-4f4d-b13c-a45ffdc988c6,Jesse Hopkins,2024-08-21 15:58:53.599067+00:00,2024-09,2024-06,2025-04,36.0,2024-09-03 09:40:00.231745+00:00,20.0,1.18,16.91,2024-06-26 21:58:35.566847+00:00,2025-04-11 15:35:59.584045+00:00,flex dollar savings,unknown,1970-01-01 00:00:00+00:00,1970-01-01 00:00:00+00:00,mobile money,False,20.0,1.18
dfc49b5b-772b-41a1-8f0c-ad19cce9fe13,deposit,865aab89-22be-4f4d-b13c-a45ffdc988c6,Jesse Hopkins,2024-08-21 15:58:53.599067+00:00,2024-09,2024-06,2025-04,36.0,2024-09-05 09:40:00.251962+00:00,20.0,1.17,17.01,2024-06-26 21:58:35.566847+00:00,2025-04-11 15:35:59.584045+00:00,flex dollar savings,unknown,1970-01-01 00:00:00+00:00,1970-01-01 00:00:00+00:00,mobile money,False,20.0,1.17
100d0adc-e9d2-4a37-84d0-a565eac41ad4,deposit,865aab89-22be-4f4d-b13c-a45ffdc988c6,Jesse Hopkins,2024-08-21 15:58:53.599067+00:00,2024-09,2024-06,2025-04,36.0,2024-09-07 09:40:00.255212+00:00,20.0,1.18,16.93,2024-06-26 21:58:35.566847+00:00,2025-04-11 15:35:59.584045+00:00,flex dollar savings,unknown,1970-01-01 00:00:00+00:00,1970-01-01 00:00:00+00:00,mobile money,False,20.0,1.18
1f939885-e779-4d1d-9dd5-1e42af8daefc,deposit,865aab89-22be-4f4d-b13c-a45ffdc988c6,Jesse Hopkins,2024-08-21 15:58:53.599067+00:00,2024-09,2024-06,2025-04,37.0,2024-09-09 09:40:00.247799+00:00,20.0,1.17,17.0,2024-06-26 21:58:35.566847+00:00,2025-04-11 15:35:59.584045+00:00,flex dollar savings,unknown,1970-01-01 00:00:00+00:00,1970-01-01 00:00:00+00:00,mobile money,False,20.0,1.17
b61f8cc6-667c-41e3-9497-c4097e87e387,deposit,865aab89-22be-4f4d-b13c-a45ffdc988c6,Jesse Hopkins,2024-08-21 15:58:53.599067+00:00,2024-09,2024-06,2025-04,37.0,2024-09-11 09:40:00.364778+00:00,20.0,1.17,17.02,2024-06-26 21:58:35.566847+00:00,2025-04-11 15:35:59.584045+00:00,flex dollar savings,unknown,1970-01-01 00:00:00+00:00,1970-01-01 00:00:00+00:00,mobile money,False,20.0,1.17
ebf20aeb-aa04-4d39-a205-5bd26b10c730,deposit,865aab89-22be-4f4d-b13c-a45ffdc988c6,Jesse Hopkins,2024-08-21 15:58:53.599067+00:00,2024-09,2024-06,2025-04,37.0,2024-09-13 09:40:00.248852+00:00,20.0,1.18,16.92,2024-06-26 21:58:35.566847+00:00,2025-04-11 15:35:59.584045+00:00,flex dollar savings,unknown,1970-01-01 00:00:00+00:00,1970-01-01 00:00:00+00:00,mobile money,False,20.0,1.18
f2cd44c9-f63b-4630-b9a2-21c31b0a72e4,deposit,865aab89-22be-4f4d-b13c-a45ffdc988c6,Jesse Hopkins,2024-08-21 15:58:53.599067+00:00,2024-09,2024-06,2025-04,37.0,2024-09-15 09:40:00.217867+00:00,20.0,1.18,16.92,2024-06-26 21:58:35.566847+00:00,2025-04-11 15:35:59.584045+00:00,flex dollar savings,unknown,1970-01-01 00:00:00+00:00,1970-01-01 00:00:00+00:00,mobile money,False,20.0,1.18
ec2d946d-c8c0-45e2-966c-df5174842475,deposit,865aab89-22be-4f4d-b13c-a45ffdc988c6,Jesse Hopkins,2024-08-21 15:58:53.599067+00:00,2024-09,2024-06,2025-04,38.0,2024-09-17 09:40:00.252719+00:00,20.0,1.19,16.8,2024-06-26 21:58:35.566847+00:00,2025-04-11 15:35:59.584045+00:00,flex dollar savings,unknown,1970-01-01 00:00:00+00:00,1970-01-01 00:00:00+00:00,mobile money,False,20.0,1.19
e34baba8-2fec-42cb-a184-29645a0914e6,deposit,e79144fd-8cbc-46b3-9354-7d20fc36d259,Jessica Cisneros,2025-03-14 10:07:38.285827+00:00,2025-03,2025-03,2025-04,12.0,2025-03-20 14:36:22.952585+00:00,20.0,1.27,15.71,2025-03-13 17:03:47.446424+00:00,2025-04-23 15:23:16.573061+00:00,goal savings,unknown,1970-01-01 00:00:00+00:00,1970-01-01 00:00:00+00:00,mobile money,False,20.0,1.27
d8af9712-6fd2-4a5b-b6a4-7b55937a0973,deposit,865aab89-22be-4f4d-b13c-a45ffdc988c6,Jesse Hopkins,2024-08-21 15:58:53.599067+00:00,2024-09,2024-06,2025-04,38.0,2024-09-20 09:40:01.205984+00:00,50.0,2.96,16.85,2024-06-26 21:58:35.566847+00:00,2025-04-11 15:35:59.584045+00:00,goal savings,unknown,1970-01-01 00:00:00+00:00,1970-01-01 00:00:00+00:00,mobile money,False,50.0,2.96
16b91a03-fbb5-4dd7-a81a-d31ee29e298c,deposit,865aab89-22be-4f4d-b13c-a45ffdc988c6,Jesse Hopkins,2024-08-21 15:58:53.599067+00:00,2024-09,2024-06,2025-04,38.0,2024-09-20 09:40:01.566141+00:00,20.0,1.18,16.85,2024-06-26 21:58:35.566847+00:00,2025-04-11 15:35:59.584045+00:00,flex dollar savings,unknown,1970-01-01 00:00:00+00:00,1970-01-01 00:00:00+00:00,mobile money,False,20.0,1.18
aa08ebac-6b83-40a5-90bb-7447d72229e1,deposit,865aab89-22be-4f4d-b13c-a45ffdc988c6,Jesse Hopkins,2024-08-21 15:58:53.599067+00:00,2024-09,2024-06,2025-04,38.0,2024-09-22 09:40:00.560304+00:00,20.0,1.18,16.88,2024-06-26 21:58:35.566847+00:00,2025-04-11 15:35:59.584045+00:00,flex dollar savings,unknown,1970-01-01 00:00:00+00:00,1970-01-01 00:00:00+00:00,mobile money,False,20.0,1.18
67305c3d-531a-4bdb-8b56-5c0db1b7bfcf,deposit,865aab89-22be-4f4d-b13c-a45ffdc988c6,Jesse Hopkins,2024-08-21 15:58:53.599067+00:00,2024-09,2024-06,2025-04,39.0,2024-09-24 09:40:00.258289+00:00,20.0,1.18,16.83,2024-06-26 21:58:35.566847+00:00,2025-04-11 15:35:59.584045+00:00,flex dollar savings,unknown,1970-01-01 00:00:00+00:00,1970-01-01 00:00:00+00:00,mobile money,False,20.0,1.18
11371387-8579-4b25-a644-1d8415a41a11,deposit,865aab89-22be-4f4d-b13c-a45ffdc988c6,Jesse Hopkins,2024-08-21 15:58:53.599067+00:00,2024-09,2024-06,2025-04,39.0,2024-09-26 09:40:00.260161+00:00,20.0,1.18,16.81,2024-06-26 21:58:35.566847+00:00,2025-04-11 15:35:59.584045+00:00,flex dollar savings,unknown,1970-01-01 00:00:00+00:00,1970-01-01 00:00:00+00:00,mobile money,False,20.0,1.18
2d120551-4af5-42b2-b6d5-a7ddba94b80a,deposit,fe989999-b36a-4dd5-a2d8-c581dfc4b8f7,Amy Nelson,2025-03-05 16:10:48.464645+00:00,2025-03,2025-03,2025-04,10.0,2025-03-05 16:16:58.808327+00:00,100.0,6.41,15.6,2025-03-05 10:54:22.701530+00:00,2025-04-11 15:35:59.531498+00:00,flex dollar savings,unknown,1970-01-01 00:00:00+00:00,1970-01-01 00:00:00+00:00,mobile money,False,100.0,6.41
6710d946-b9e6-4ab3-b7c7-9a9d3ea43855,deposit,865aab89-22be-4f4d-b13c-a45ffdc988c6,Jesse Hopkins,2024-08-21 15:58:53.599067+00:00,2024-11,2024-06,2025-04,45.0,2024-11-08 09:40:00.257603+00:00,20.0,1.13,17.55,2024-06-26 21:58:35.566847+00:00,2025-04-11 15:35:59.584045+00:00,flex dollar savings,unknown,1970-01-01 00:00:00+00:00,1970-01-01 00:00:00+00:00,mobile money,False,20.0,1.13
43a4e81d-52b6-4f5c-9230-b77259676b8e,deposit,865aab89-22be-4f4d-b13c-a45ffdc988c6,Jesse Hopkins,2024-08-21 15:58:53.599067+00:00,2024-10,2024-06,2025-04,41.0,2024-10-10 11:53:49.249585+00:00,50.0,2.95,16.92,2024-06-26 21:58:35.566847+00:00,2025-04-11 15:35:59.584045+00:00,goal savings,unknown,1970-01-01 00:00:00+00:00,1970-01-01 00:00:00+00:00,mobile money,False,50.0,2.95
ebab4cc2-fa06-45af-ae9a-114a902f3706,deposit,865aab89-22be-4f4d-b13c-a45ffdc988c6,Jesse Hopkins,2024-08-21 15:58:53.599067+00:00,2024-08,2024-06,2025-04,35.0,2024-08-27 09:40:00.258021+00:00,20.0,1.16,17.17,2024-06-26 21:58:35.566847+00:00,2025-04-11 15:35:59.584045+00:00,flex dollar savings,unknown,1970-01-01 00:00:00+00:00,1970-01-01 00:00:00+00:00,mobile money,False,20.0,1.16
46d43034-9880-48ac-a4eb-417d688dccb5,deposit,c672a6a6-d79a-4c72-a4a2-ecaad65a8d92,Robert Hernandez,2025-03-12 17:26:49.260758+00:00,2025-03,2025-03,2025-04,11.0,2025-03-12 17:27:11.844013+00:00,400.0,25.47,15.7,2025-03-07 10:48:14.516950+00:00,2025-04-11 15:35:59.526872+00:00,goal savings,unknown,1970-01-01 00:00:00+00:00,1970-01-01 00:00:00+00:00,mobile money,False,400.0,25.47
cbd1f94f-6c5f-4e50-a03f-abe0c4adbe96,deposit,c672a6a6-d79a-4c72-a4a2-ecaad65a8d92,Robert Hernandez,2025-03-12 17:26:49.260758+00:00,2025-03,2025-03,2025-04,11.0,2025-03-13 13:01:28.840999+00:00,20.0,1.27,15.72,2025-03-07 10:48:14.516950+00:00,2025-04-11 15:35:59.526872+00:00,flex dollar savings,unknown,1970-01-01 00:00:00+00:00,1970-01-01 00:00:00+00:00,mobile money,False,20.0,1.27
af20adce-943a-4843-af31-59f26b8ed4f1,maintenance_fee,865aab89-22be-4f4d-b13c-a45ffdc988c6,Jesse Hopkins,2024-08-21 15:58:53.599067+00:00,2024-08,2024-06,2025-04,35.0,2024-08-28 23:05:00.132197+00:00,5.0,0.29,16.52,2024-06-26 21:58:35.566847+00:00,2025-04-11 15:35:59.584045+00:00,flex dollar savings,unknown,1970-01-01 00:00:00+00:00,1970-01-01 00:00:00+00:00,mobile money,False,-5.0,-0.29
cd1a1a9f-c351-4940-8e3b-a349e7740a9b,deposit,e79144fd-8cbc-46b3-9354-7d20fc36d259,Jessica Cisneros,2025-03-14 10:07:38.285827+00:00,2025-03,2025-03,2025-04,11.0,2025-03-14 10:07:38.285827+00:00,100.0,6.36,15.7,2025-03-13 17:03:47.446424+00:00,2025-04-23 15:23:16.573061+00:00,goal savings,unknown,1970-01-01 00:00:00+00:00,1970-01-01 00:00:00+00:00,mobile money,False,100.0,6.36
c0f7b11a-1743-4c1f-b2df-b561c166a57b,deposit,865aab89-22be-4f4d-b13c-a45ffdc988c6,Jesse Hopkins,2024-08-21 15:58:53.599067+00:00,2024-08,2024-06,2025-04,34.0,2024-08-21 15:58:53.599067+00:00,20.0,1.18,16.91,2024-06-26 21:58:35.566847+00:00,2025-04-11 15:35:59.584045+00:00,flex dollar savings,unknown,1970-01-01 00:00:00+00:00,1970-01-01 00:00:00+00:00,mobile money,False,20.0,1.18
b7ac7e6f-36d6-4ee3-96e4-47ceea4d5fd4,deposit,865aab89-22be-4f4d-b13c-a45ffdc988c6,Jesse Hopkins,2024-08-21 15:58:53.599067+00:00,2024-08,2024-06,2025-04,34.0,2024-08-22 09:40:00.244214+00:00,20.0,1.18,16.93,2024-06-26 21:58:35.566847+00:00,2025-04-11 15:35:59.584045+00:00,flex dollar savings,unknown,1970-01-01 00:00:00+00:00,1970-01-01 00:00:00+00:00,mobile money,False,20.0,1.18
bf5fb86f-a837-4994-8d70-838fb3cf0235,deposit,865aab89-22be-4f4d-b13c-a45ffdc988c6,Jesse Hopkins,2024-08-21 15:58:53.599067+00:00,2024-08,2024-06,2025-04,34.0,2024-08-25 09:40:00.242234+00:00,20.0,1.17,17.04,2024-06-26 21:58:35.566847+00:00,2025-04-11 15:35:59.584045+00:00,flex dollar savings,unknown,1970-01-01 00:00:00+00:00,1970-01-01 00:00:00+00:00,mobile money,False,20.0,1.17
6a7e3ef4-3130-445c-9314-f1f35f33ddd5,deposit,865aab89-22be-4f4d-b13c-a45ffdc988c6,Jesse Hopkins,2024-08-21 15:58:53.599067+00:00,2024-08,2024-06,2025-04,35.0,2024-08-30 09:40:00.252484+00:00,20.0,1.16,17.18,2024-06-26 21:58:35.566847+00:00,2025-04-11 15:35:59.584045+00:00,flex dollar savings,unknown,1970-01-01 00:00:00+00:00,1970-01-01 00:00:00+00:00,mobile money,False,20.0,1.16
09f06fc5-bb35-4b05-acd6-75231e37ada0,deposit,865aab89-22be-4f4d-b13c-a45ffdc988c6,Jesse Hopkins,2024-08-21 15:58:53.599067+00:00,2024-09,2024-06,2025-04,35.0,2024-09-01 09:40:00.212785+00:00,20.0,1.16,17.16,2024-06-26 21:58:35.566847+00:00,2025-04-11 15:35:59.584045+00:00,flex dollar savings,unknown,1970-01-01 00:00:00+00:00,1970-01-01 00:00:00+00:00,mobile money,False,20.0,1.16
88fa501e-bb2d-4170-ab83-c8506e4fd3a8,deposit,865aab89-22be-4f4d-b13c-a45ffdc988c6,Jesse Hopkins,2024-08-21 15:58:53.599067+00:00,2024-09,2024-06,2025-04,36.0,2024-09-02 12:17:11.101861+00:00,360.0,21.45,16.78,2024-06-26 21:58:35.566847+00:00,2025-04-11 15:35:59.584045+00:00,goal savings,unknown,1970-01-01 00:00:00+00:00,1970-01-01 00:00:00+00:00,mobile money,False,360.0,21.45
0eebfcb6-4c71-4b24-9336-f1f0e01e5bb6,deposit,865aab89-22be-4f4d-b13c-a45ffdc988c6,Jesse Hopkins,2024-08-21 15:58:53.599067+00:00,2024-09,2024-06,2025-04,36.0,2024-09-04 09:40:00.255637+00:00,20.0,1.18,16.91,2024-06-26 21:58:35.566847+00:00,2025-04-11 15:35:59.584045+00:00,flex dollar savings,unknown,1970-01-01 00:00:00+00:00,1970-01-01 00:00:00+00:00,mobile money,False,20.0,1.18
d37b62e4-1e6f-4796-a56a-99eeae29e051,deposit,865aab89-22be-4f4d-b13c-a45ffdc988c6,Jesse Hopkins,2024-08-21 15:58:53.599067+00:00,2024-09,2024-06,2025-04,36.0,2024-09-06 09:40:00.237519+00:00,20.0,1.17,16.96,2024-06-26 21:58:35.566847+00:00,2025-04-11 15:35:59.584045+00:00,flex dollar savings,unknown,1970-01-01 00:00:00+00:00,1970-01-01 00:00:00+00:00,mobile money,False,20.0,1.17
eeb273da-2101-4bee-aed8-f9627031ae55,deposit,865aab89-22be-4f4d-b13c-a45ffdc988c6,Jesse Hopkins,2024-08-21 15:58:53.599067+00:00,2024-09,2024-06,2025-04,36.0,2024-09-08 09:40:00.207385+00:00,20.0,1.17,16.98,2024-06-26 21:58:35.566847+00:00,2025-04-11 15:35:59.584045+00:00,flex dollar savings,unknown,1970-01-01 00:00:00+00:00,1970-01-01 00:00:00+00:00,mobile money,False,20.0,1.17
4a581090-c2e0-43c4-be78-8e566e7ca1d0,deposit,865aab89-22be-4f4d-b13c-a45ffdc988c6,Jesse Hopkins,2024-08-21 15:58:53.599067+00:00,2024-09,2024-06,2025-04,37.0,2024-09-10 09:40:00.255023+00:00,20.0,1.17,17.04,2024-06-26 21:58:35.566847+00:00,2025-04-11 15:35:59.584045+00:00,flex dollar savings,unknown,1970-01-01 00:00:00+00:00,1970-01-01 00:00:00+00:00,mobile money,False,20.0,1.17
fc5d813a-a2f0-446c-9e81-07a25599e07e,deposit,865aab89-22be-4f4d-b13c-a45ffdc988c6,Jesse Hopkins,2024-08-21 15:58:53.599067+00:00,2024-09,2024-06,2025-04,37.0,2024-09-12 09:40:00.265934+00:00,20.0,1.17,16.99,2024-06-26 21:58:35.566847+00:00,2025-04-11 15:35:59.584045+00:00,flex dollar savings,unknown,1970-01-01 00:00:00+00:00,1970-01-01 00:00:00+00:00,mobile money,False,20.0,1.17
4289e484-8819-4a1d-a205-00a71bae2fb7,deposit,865aab89-22be-4f4d-b13c-a45ffdc988c6,Jesse Hopkins,2024-08-21 15:58:53.599067+00:00,2024-09,2024-06,2025-04,37.0,2024-09-14 09:40:00.218411+00:00,20.0,1.18,16.9,2024-06-26 21:58:35.566847+00:00,2025-04-11 15:35:59.584045+00:00,flex dollar savings,unknown,1970-01-01 00:00:00+00:00,1970-01-01 00:00:00+00:00,mobile money,False,20.0,1.18
dbbc1c3c-3a70-4e82-acd9-3216cafda57f,deposit,865aab89-22be-4f4d-b13c-a45ffdc988c6,Jesse Hopkins,2024-08-21 15:58:53.599067+00:00,2024-09,2024-06,2025-04,38.0,2024-09-16 09:40:00.262690+00:00,20.0,1.18,16.91,2024-06-26 21:58:35.566847+00:00,2025-04-11 15:35:59.584045+00:00,flex dollar savings,unknown,1970-01-01 00:00:00+00:00,1970-01-01 00:00:00+00:00,mobile money,False,20.0,1.18
22afa61a-4ca2-4eb1-8f72-9d25a1b0daae,deposit,865aab89-22be-4f4d-b13c-a45ffdc988c6,Jesse Hopkins,2024-08-21 15:58:53.599067+00:00,2024-09,2024-06,2025-04,38.0,2024-09-19 09:40:00.244923+00:00,20.0,1.18,16.91,2024-06-26 21:58:35.566847+00:00,2025-04-11 15:35:59.584045+00:00,flex dollar savings,unknown,1970-01-01 00:00:00+00:00,1970-01-01 00:00:00+00:00,mobile money,False,20.0,1.18
83324873-cc47-4f09-9c9e-94ebefae92e6,deposit,865aab89-22be-4f4d-b13c-a45ffdc988c6,Jesse Hopkins,2024-08-21 15:58:53.599067+00:00,2024-09,2024-06,2025-04,38.0,2024-09-21 09:40:00.257017+00:00,20.0,1.18,16.82,2024-06-26 21:58:35.566847+00:00,2025-04-11 15:35:59.584045+00:00,flex dollar savings,unknown,1970-01-01 00:00:00+00:00,1970-01-01 00:00:00+00:00,mobile money,False,20.0,1.18
de68a3e3-0c0e-45fd-98eb-d9975aba3c45,deposit,865aab89-22be-4f4d-b13c-a45ffdc988c6,Jesse Hopkins,2024-08-21 15:58:53.599067+00:00,2024-09,2024-06,2025-04,39.0,2024-09-23 09:40:00.251531+00:00,20.0,1.18,16.83,2024-06-26 21:58:35.566847+00:00,2025-04-11 15:35:59.584045+00:00,flex dollar savings,unknown,1970-01-01 00:00:00+00:00,1970-01-01 00:00:00+00:00,mobile money,False,20.0,1.18
ee5eefca-a602-4fa1-a01f-e7fbc4606942,deposit,865aab89-22be-4f4d-b13c-a45ffdc988c6,Jesse Hopkins,2024-08-21 15:58:53.599067+00:00,2024-09,2024-06,2025-04,39.0,2024-09-25 09:40:00.259767+00:00,20.0,1.18,16.85,2024-06-26 21:58:35.566847+00:00,2025-04-11 15:35:59.584045+00:00,flex dollar savings,unknown,1970-01-01 00:00:00+00:00,1970-01-01 00:00:00+00:00,mobile money,False,20.0,1.18
12a1840e-e92f-438e-a1fe-61f079a92799,deposit,865aab89-22be-4f4d-b13c-a45ffdc988c6,Jesse Hopkins,2024-08-21 15:58:53.599067+00:00,2024-09,2024-06,2025-04,39.0,2024-09-27 09:40:00.222501+00:00,20.0,1.18,16.82,2024-06-26 21:58:35.566847+00:00,2025-04-11 15:35:59.584045+00:00,flex dollar savings,unknown,1970-01-01 00:00:00+00:00,1970-01-01 00:00:00+00:00,mobile money,False,20.0,1.18
c46c4b90-c51e-48a4-af8c-be78f1f39f96,deposit,865aab89-22be-4f4d-b13c-a45ffdc988c6,Jesse Hopkins,2024-08-21 15:58:53.599067+00:00,2024-09,2024-06,2025-04,39.0,2024-09-28 09:40:00.215539+00:00,20.0,1.19,16.76,2024-06-26 21:58:35.566847+00:00,2025-04-11 15:35:59.584045+00:00,flex dollar savings,unknown,1970-01-01 00:00:00+00:00,1970-01-01 00:00:00+00:00,mobile money,False,20.0,1.19
ba7886bb-687a-41fb-8e67-de8f833d4617,deposit,fe989999-b36a-4dd5-a2d8-c581dfc4b8f7,Amy Nelson,2025-03-05 16:10:48.464645+00:00,2025-03,2025-03,2025-04,10.0,2025-03-05 16:17:01.007346+00:00,100.0,6.41,15.6,2025-03-05 10:54:22.701530+00:00,2025-04-11 15:35:59.531498+00:00,flex dollar savings,unknown,1970-01-01 00:00:00+00:00,1970-01-01 00:00:00+00:00,mobile money,False,100.0,6.41
e0f1cad0-3f28-469c-af48-c9da98445c49,maintenance_fee,865aab89-22be-4f4d-b13c-a45ffdc988c6,Jesse Hopkins,2024-08-21 15:58:53.599067+00:00,2024-09,2024-06,2025-04,39.0,2024-09-28 23:05:00.134138+00:00,5.0,0.29,16.29,2024-06-26 21:58:35.566847+00:00,2025-04-11 15:35:59.584045+00:00,flex dollar savings,unknown,1970-01-01 00:00:00+00:00,1970-01-01 00:00:00+00:00,mobile money,False,-5.0,-0.29
4381b17a-b4b5-493e-bdd4-4a2f38740f5c,deposit,865aab89-22be-4f4d-b13c-a45ffdc988c6,Jesse Hopkins,2024-08-21 15:58:53.599067+00:00,2024-11,2024-06,2025-04,45.0,2024-11-09 09:40:00.569222+00:00,20.0,1.13,17.55,2024-06-26 21:58:35.566847+00:00,2025-04-11 15:35:59.584045+00:00,goal savings,unknown,1970-01-01 00:00:00+00:00,1970-01-01 00:00:00+00:00,mobile money,False,20.0,1.13
bf68f685-835c-4b0e-8143-53ab729a97f4,deposit,865aab89-22be-4f4d-b13c-a45ffdc988c6,Jesse Hopkins,2024-08-21 15:58:53.599067+00:00,2024-11,2024-06,2025-04,45.0,2024-11-09 09:40:00.902999+00:00,20.0,1.13,17.55,2024-06-26 21:58:35.566847+00:00,2025-04-11 15:35:59.584045+00:00,flex dollar savings,unknown,1970-01-01 00:00:00+00:00,1970-01-01 00:00:00+00:00,mobile money,False,20.0,1.13
cf659e04-799b-4ae8-af33-8c0042de56af,deposit,c672a6a6-d79a-4c72-a4a2-ecaad65a8d92,Robert Hernandez,2025-03-12 17:26:49.260758+00:00,2025-03,2025-03,2025-04,11.0,2025-03-13 12:45:45.389542+00:00,200.0,12.72,15.72,2025-03-07 10:48:14.516950+00:00,2025-04-11 15:35:59.526872+00:00,flex dollar savings,unknown,1970-01-01 00:00:00+00:00,1970-01-01 00:00:00+00:00,mobile money,False,200.0,12.72
4c2613ef-ae67-4109-8b5f-69fff7a68b9e,deposit,865aab89-22be-4f4d-b13c-a45ffdc988c6,Jesse Hopkins,2024-08-21 15:58:53.599067+00:00,2024-10,2024-06,2025-04,41.0,2024-10-11 09:40:00.528198+00:00,20.0,1.18,16.9,2024-06-26 21:58:35.566847+00:00,2025-04-11 15:35:59.584045+00:00,flex dollar savings,unknown,1970-01-01 00:00:00+00:00,1970-01-01 00:00:00+00:00,mobile money,False,20.0,1.18
2fd13b5b-b163-4fc8-a5c9-2195dd62e76b,deposit,c672a6a6-d79a-4c72-a4a2-ecaad65a8d92,Robert Hernandez,2025-03-12 17:26:49.260758+00:00,2025-03,2025-03,2025-04,11.0,2025-03-13 13:02:32.223168+00:00,20.0,1.27,15.72,2025-03-07 10:48:14.516950+00:00,2025-04-11 15:35:59.526872+00:00,flex dollar savings,unknown,1970-01-01 00:00:00+00:00,1970-01-01 00:00:00+00:00,mobile money,False,20.0,1.27
179b1fe8-ad54-4ea7-8a78-999234571b9a,deposit,e79144fd-8cbc-46b3-9354-7d20fc36d259,Jessica Cisneros,2025-03-14 10:07:38.285827+00:00,2025-03,2025-03,2025-04,11.0,2025-03-14 10:08:04.375648+00:00,100.0,6.36,15.7,2025-03-13 17:03:47.446424+00:00,2025-04-23 15:23:16.573061+00:00,goal savings,unknown,1970-01-01 00:00:00+00:00,1970-01-01 00:00:00+00:00,mobile money,False,100.0,6.36
9be45cd6-ffb3-4d9f-bf0e-41d18a8b9e7d,deposit,865aab89-22be-4f4d-b13c-a45ffdc988c6,Jesse Hopkins,2024-08-21 15:58:53.599067+00:00,2024-10,2024-06,2025-04,41.0,2024-10-12 09:40:00.568878+00:00,20.0,1.18,16.85,2024-06-26 21:58:35.566847+00:00,2025-04-11 15:35:59.584045+00:00,flex dollar savings,unknown,1970-01-01 00:00:00+00:00,1970-01-01 00:00:00+00:00,mobile money,False,20.0,1.18
59217767-a780-4bf0-a4db-73c2a2b34262,deposit,e79144fd-8cbc-46b3-9354-7d20fc36d259,Jessica Cisneros,2025-03-14 10:07:38.285827+00:00,2025-03,2025-03,2025-04,12.0,2025-03-20 14:25:48.784179+00:00,500.0,31.82,15.71,2025-03-13 17:03:47.446424+00:00,2025-04-23 15:23:16.573061+00:00,goal savings,unknown,1970-01-01 00:00:00+00:00,1970-01-01 00:00:00+00:00,mobile money,False,500.0,31.82
251b8c01-2497-4ef8-b505-7c602674efec,deposit,865aab89-22be-4f4d-b13c-a45ffdc988c6,Jesse Hopkins,2024-08-21 15:58:53.599067+00:00,2024-10,2024-06,2025-04,41.0,2024-10-13 09:40:00.607880+00:00,20.0,1.18,16.89,2024-06-26 21:58:35.566847+00:00,2025-04-11 15:35:59.584045+00:00,flex dollar savings,unknown,1970-01-01 00:00:00+00:00,1970-01-01 00:00:00+00:00,mobile money,False,20.0,1.18
48f7fc8e-7b34-4991-b238-7b514c4455a7,withdrawal,e79144fd-8cbc-46b3-9354-7d20fc36d259,Jessica Cisneros,2025-03-14 10:07:38.285827+00:00,2025-03,2025-03,2025-04,12.0,2025-03-20 14:41:06.837684+00:00,500.0,32.05,15.6,2025-03-13 17:03:47.446424+00:00,2025-04-23 15:23:16.573061+00:00,goal savings,unknown,1970-01-01 00:00:00+00:00,1970-01-01 00:00:00+00:00,mobile money,False,-500.0,-32.05
ce6abd91-ef62-4b23-b0f7-8bf4d4d0d223,deposit,865aab89-22be-4f4d-b13c-a45ffdc988c6,Jesse Hopkins,2024-08-21 15:58:53.599067+00:00,2024-10,2024-06,2025-04,42.0,2024-10-14 09:40:00.538139+00:00,20.0,1.18,16.89,2024-06-26 21:58:35.566847+00:00,2025-04-11 15:35:59.584045+00:00,flex dollar savings,unknown,1970-01-01 00:00:00+00:00,1970-01-01 00:00:00+00:00,mobile money,False,20.0,1.18
8024b634-51ec-4df1-9c71-c5f28957979a,deposit,865aab89-22be-4f4d-b13c-a45ffdc988c6,Jesse Hopkins,2024-08-21 15:58:53.599067+00:00,2024-10,2024-06,2025-04,42.0,2024-10-15 09:40:00.560150+00:00,20.0,1.18,16.88,2024-06-26 21:58:35.566847+00:00,2025-04-11 15:35:59.584045+00:00,flex dollar savings,unknown,1970-01-01 00:00:00+00:00,1970-01-01 00:00:00+00:00,mobile money,False,20.0,1.18
4c5da4b4-02e9-497d-ba71-c7867cbf76d1,deposit,865aab89-22be-4f4d-b13c-a45ffdc988c6,Jesse Hopkins,2024-08-21 15:58:53.599067+00:00,2024-10,2024-06,2025-04,40.0,2024-10-02 09:40:00.571188+00:00,360.0,21.49,16.75,2024-06-26 21:58:35.566847+00:00,2025-04-11 15:35:59.584045+00:00,goal savings,unknown,1970-01-01 00:00:00+00:00,1970-01-01 00:00:00+00:00,mobile money,False,360.0,21.49
a38370c9-181d-402d-aa07-5b5c7a89b922,deposit,865aab89-22be-4f4d-b13c-a45ffdc988c6,Jesse Hopkins,2024-08-21 15:58:53.599067+00:00,2024-10,2024-06,2025-04,40.0,2024-10-02 09:40:01.322120+00:00,20.0,1.19,16.75,2024-06-26 21:58:35.566847+00:00,2025-04-11 15:35:59.584045+00:00,flex dollar savings,unknown,1970-01-01 00:00:00+00:00,1970-01-01 00:00:00+00:00,mobile money,False,20.0,1.19
223c79ee-4df0-4d1b-bc56-76de1d4dfb5c,deposit,865aab89-22be-4f4d-b13c-a45ffdc988c6,Jesse Hopkins,2024-08-21 15:58:53.599067+00:00,2024-10,2024-06,2025-04,40.0,2024-10-03 09:40:00.609020+00:00,20.0,1.19,16.74,2024-06-26 21:58:35.566847+00:00,2025-04-11 15:35:59.584045+00:00,flex dollar savings,unknown,1970-01-01 00:00:00+00:00,1970-01-01 00:00:00+00:00,mobile money,False,20.0,1.19
b25caf7d-913c-4e01-91b7-c54b43a5cdfc,deposit,865aab89-22be-4f4d-b13c-a45ffdc988c6,Jesse Hopkins,2024-08-21 15:58:53.599067+00:00,2024-11,2024-06,2025-04,45.0,2024-11-09 09:40:00.279608+00:00,50.0,2.84,17.55,2024-06-26 21:58:35.566847+00:00,2025-04-11 15:35:59.584045+00:00,goal savings,unknown,1970-01-01 00:00:00+00:00,1970-01-01 00:00:00+00:00,mobile money,False,50.0,2.84
d3e7ba36-b47c-4500-8346-d08416940613,deposit,865aab89-22be-4f4d-b13c-a45ffdc988c6,Jesse Hopkins,2024-08-21 15:58:53.599067+00:00,2024-10,2024-06,2025-04,42.0,2024-10-16 09:40:00.541084+00:00,20.0,1.18,16.85,2024-06-26 21:58:35.566847+00:00,2025-04-11 15:35:59.584045+00:00,flex dollar savings,unknown,1970-01-01 00:00:00+00:00,1970-01-01 00:00:00+00:00,mobile money,False,20.0,1.18
7b912dbb-e0b4-4757-95d7-dba3c2a24b6a,maintenance_fee,dbc2b282-d539-40e3-aae5-0e2f007ef9ff,Victoria Bailey,2024-12-17 16:44:05.021697+00:00,2025-01,2024-12,2025-04,5.0,2025-01-28 23:05:00.106417+00:00,5.0,0.29,16.33,2024-12-10 15:56:26.696407+00:00,2025-04-13 18:28:35.245028+00:00,flex dollar savings,unknown,1970-01-01 00:00:00+00:00,1970-01-01 00:00:00+00:00,mobile money,False,-5.0,-0.29
a359bdf9-e04d-454a-b5a5-a741b823f837,deposit,865aab89-22be-4f4d-b13c-a45ffdc988c6,Jesse Hopkins,2024-08-21 15:58:53.599067+00:00,2024-10,2024-06,2025-04,42.0,2024-10-17 09:40:00.622126+00:00,20.0,1.18,16.82,2024-06-26 21:58:35.566847+00:00,2025-04-11 15:35:59.584045+00:00,flex dollar savings,unknown,1970-01-01 00:00:00+00:00,1970-01-01 00:00:00+00:00,mobile money,False,20.0,1.18
2d11970c-b7b7-4b26-a2c2-6ecb8bc4308f,maintenance_fee,865aab89-22be-4f4d-b13c-a45ffdc988c6,Jesse Hopkins,2024-08-21 15:58:53.599067+00:00,2025-01,2024-06,2025-04,5.0,2025-01-28 23:05:00.127880+00:00,5.0,0.29,16.33,2024-06-26 21:58:35.566847+00:00,2025-04-11 15:35:59.584045+00:00,flex dollar savings,unknown,1970-01-01 00:00:00+00:00,1970-01-01 00:00:00+00:00,mobile money,False,-5.0,-0.29
d9c5d096-61ea-4d3c-988c-ffe5e54364b9,deposit,e79144fd-8cbc-46b3-9354-7d20fc36d259,Jessica Cisneros,2025-03-14 10:07:38.285827+00:00,2025-03,2025-03,2025-04,12.0,2025-03-20 14:29:07.115667+00:00,20.0,1.27,15.71,2025-03-13 17:03:47.446424+00:00,2025-04-23 15:23:16.573061+00:00,goal savings,unknown,1970-01-01 00:00:00+00:00,1970-01-01 00:00:00+00:00,mobile money,False,20.0,1.27
65fd550f-dd64-4974-9d8b-9c29ea72c791,deposit,865aab89-22be-4f4d-b13c-a45ffdc988c6,Jesse Hopkins,2024-08-21 15:58:53.599067+00:00,2024-10,2024-06,2025-04,42.0,2024-10-18 09:40:00.580173+00:00,20.0,1.18,16.83,2024-06-26 21:58:35.566847+00:00,2025-04-11 15:35:59.584045+00:00,flex dollar savings,unknown,1970-01-01 00:00:00+00:00,1970-01-01 00:00:00+00:00,mobile money,False,20.0,1.18
73b92f62-e14c-4b36-bff8-aa99ccda3acf,withdrawal,e79144fd-8cbc-46b3-9354-7d20fc36d259,Jessica Cisneros,2025-03-14 10:07:38.285827+00:00,2025-03,2025-03,2025-04,12.0,2025-03-20 14:42:29.336434+00:00,100.0,6.41,15.6,2025-03-13 17:03:47.446424+00:00,2025-04-23 15:23:16.573061+00:00,goal savings,unknown,1970-01-01 00:00:00+00:00,1970-01-01 00:00:00+00:00,mobile money,False,-100.0,-6.41
e2b8742a-2454-47b0-9a7f-8ff85510ec70,deposit,865aab89-22be-4f4d-b13c-a45ffdc988c6,Jesse Hopkins,2024-08-21 15:58:53.599067+00:00,2024-10,2024-06,2025-04,42.0,2024-10-19 09:40:00.542739+00:00,20.0,1.18,16.91,2024-06-26 21:58:35.566847+00:00,2025-04-11 15:35:59.584045+00:00,flex dollar savings,unknown,1970-01-01 00:00:00+00:00,1970-01-01 00:00:00+00:00,mobile money,False,20.0,1.18
780bf995-bcd1-440d-84ef-82fd5010c2ee,deposit,865aab89-22be-4f4d-b13c-a45ffdc988c6,Jesse Hopkins,2024-08-21 15:58:53.599067+00:00,2024-10,2024-06,2025-04,42.0,2024-10-20 09:40:00.537215+00:00,20.0,1.18,16.94,2024-06-26 21:58:35.566847+00:00,2025-04-11 15:35:59.584045+00:00,flex dollar savings,unknown,1970-01-01 00:00:00+00:00,1970-01-01 00:00:00+00:00,mobile money,False,20.0,1.18
a728f3d7-3840-40f7-b991-ad24d0481c72,deposit,865aab89-22be-4f4d-b13c-a45ffdc988c6,Jesse Hopkins,2024-08-21 15:58:53.599067+00:00,2024-10,2024-06,2025-04,43.0,2024-10-21 09:40:00.530589+00:00,20.0,1.18,16.92,2024-06-26 21:58:35.566847+00:00,2025-04-11 15:35:59.584045+00:00,flex dollar savings,unknown,1970-01-01 00:00:00+00:00,1970-01-01 00:00:00+00:00,mobile money,False,20.0,1.18
6ae7e844-1ce1-47c7-b508-2a04da806fba,deposit,865aab89-22be-4f4d-b13c-a45ffdc988c6,Jesse Hopkins,2024-08-21 15:58:53.599067+00:00,2024-10,2024-06,2025-04,43.0,2024-10-22 09:40:00.894551+00:00,20.0,1.17,17.0,2024-06-26 21:58:35.566847+00:00,2025-04-11 15:35:59.584045+00:00,flex dollar savings,unknown,1970-01-01 00:00:00+00:00,1970-01-01 00:00:00+00:00,mobile money,False,20.0,1.17
058d85b7-17bc-4f45-a19f-18bdc066a3a6,deposit,865aab89-22be-4f4d-b13c-a45ffdc988c6,Jesse Hopkins,2024-08-21 15:58:53.599067+00:00,2024-10,2024-06,2025-04,43.0,2024-10-23 09:40:00.222022+00:00,20.0,1.16,17.1,2024-06-26 21:58:35.566847+00:00,2025-04-11 15:35:59.584045+00:00,flex dollar savings,unknown,1970-01-01 00:00:00+00:00,1970-01-01 00:00:00+00:00,mobile money,False,20.0,1.16
f6352e31-b2f2-425c-9cf2-96ebb69e0d96,deposit,865aab89-22be-4f4d-b13c-a45ffdc988c6,Jesse Hopkins,2024-08-21 15:58:53.599067+00:00,2024-10,2024-06,2025-04,43.0,2024-10-24 09:40:00.586711+00:00,20.0,1.15,17.27,2024-06-26 21:58:35.566847+00:00,2025-04-11 15:35:59.584045+00:00,flex dollar savings,unknown,1970-01-01 00:00:00+00:00,1970-01-01 00:00:00+00:00,mobile money,False,20.0,1.15
931ee99d-4498-4183-b202-24abe80c016f,deposit,865aab89-22be-4f4d-b13c-a45ffdc988c6,Jesse Hopkins,2024-08-21 15:58:53.599067+00:00,2024-10,2024-06,2025-04,43.0,2024-10-25 09:40:00.516926+00:00,20.0,1.15,17.31,2024-06-26 21:58:35.566847+00:00,2025-04-11 15:35:59.584045+00:00,flex dollar savings,unknown,1970-01-01 00:00:00+00:00,1970-01-01 00:00:00+00:00,mobile money,False,20.0,1.15
d3809998-e24e-42bc-bffe-8aa8d72a649d,deposit,865aab89-22be-4f4d-b13c-a45ffdc988c6,Jesse Hopkins,2024-08-21 15:58:53.599067+00:00,2024-10,2024-06,2025-04,43.0,2024-10-26 09:40:00.556374+00:00,20.0,1.15,17.28,2024-06-26 21:58:35.566847+00:00,2025-04-11 15:35:59.584045+00:00,flex dollar savings,unknown,1970-01-01 00:00:00+00:00,1970-01-01 00:00:00+00:00,mobile money,False,20.0,1.15
d9f51ad5-dfc2-4ba9-b5c2-9adff4923a01,deposit,865aab89-22be-4f4d-b13c-a45ffdc988c6,Jesse Hopkins,2024-08-21 15:58:53.599067+00:00,2024-10,2024-06,2025-04,43.0,2024-10-27 09:40:00.483917+00:00,20.0,1.15,17.39,2024-06-26 21:58:35.566847+00:00,2025-04-11 15:35:59.584045+00:00,flex dollar savings,unknown,1970-01-01 00:00:00+00:00,1970-01-01 00:00:00+00:00,mobile money,False,20.0,1.15
f3c2f196-e0b8-4a95-85e7-144b62a2c827,deposit,865aab89-22be-4f4d-b13c-a45ffdc988c6,Jesse Hopkins,2024-08-21 15:58:53.599067+00:00,2024-10,2024-06,2025-04,44.0,2024-10-28 09:40:00.571072+00:00,20.0,1.15,17.37,2024-06-26 21:58:35.566847+00:00,2025-04-11 15:35:59.584045+00:00,flex dollar savings,unknown,1970-01-01 00:00:00+00:00,1970-01-01 00:00:00+00:00,mobile money,False,20.0,1.15
8ad7c38a-c7a6-48f7-9a9b-8d21d8e3f626,maintenance_fee,865aab89-22be-4f4d-b13c-a45ffdc988c6,Jesse Hopkins,2024-08-21 15:58:53.599067+00:00,2024-10,2024-06,2025-04,44.0,2024-10-28 23:05:00.131185+00:00,5.0,0.28,16.94,2024-06-26 21:58:35.566847+00:00,2025-04-11 15:35:59.584045+00:00,flex dollar savings,unknown,1970-01-01 00:00:00+00:00,1970-01-01 00:00:00+00:00,mobile money,False,-5.0,-0.28
071e3324-3206-4e2a-b712-fc5cf8086490,maintenance_fee,1f69baa0-fdfc-47ef-941f-a3adfb39e614,Elizabeth Joseph,2024-08-28 17:45:00.126363+00:00,2025-01,2024-06,2025-04,5.0,2025-01-28 23:05:00.181028+00:00,5.0,0.29,16.33,2024-06-27 04:10:34.164284+00:00,2025-04-14 10:28:15.042485+00:00,flex dollar savings,unknown,1970-01-01 00:00:00+00:00,1970-01-01 00:00:00+00:00,mobile money,False,-5.0,-0.29
367f6973-72d8-4bdf-990c-5ae291a6223e,deposit,865aab89-22be-4f4d-b13c-a45ffdc988c6,Jesse Hopkins,2024-08-21 15:58:53.599067+00:00,2024-10,2024-06,2025-04,44.0,2024-10-29 09:40:00.636896+00:00,20.0,1.14,17.48,2024-06-26 21:58:35.566847+00:00,2025-04-11 15:35:59.584045+00:00,flex dollar savings,unknown,1970-01-01 00:00:00+00:00,1970-01-01 00:00:00+00:00,mobile money,False,20.0,1.14
6ae481ed-49f0-481b-8194-05db1e8ab60c,deposit,865aab89-22be-4f4d-b13c-a45ffdc988c6,Jesse Hopkins,2024-08-21 15:58:53.599067+00:00,2024-10,2024-06,2025-04,44.0,2024-10-30 09:40:00.617802+00:00,20.0,1.13,17.6,2024-06-26 21:58:35.566847+00:00,2025-04-11 15:35:59.584045+00:00,flex dollar savings,unknown,1970-01-01 00:00:00+00:00,1970-01-01 00:00:00+00:00,mobile money,False,20.0,1.13
7d6b8e5f-a8ef-45da-89fb-5d042fe70d8b,deposit,865aab89-22be-4f4d-b13c-a45ffdc988c6,Jesse Hopkins,2024-08-21 15:58:53.599067+00:00,2024-11,2024-06,2025-04,45.0,2024-11-10 09:40:00.221104+00:00,20.0,1.13,17.62,2024-06-26 21:58:35.566847+00:00,2025-04-11 15:35:59.584045+00:00,flex dollar savings,unknown,1970-01-01 00:00:00+00:00,1970-01-01 00:00:00+00:00,mobile money,False,20.0,1.13
07b80c9c-7a0b-4f9c-b33e-686f68e51a36,deposit,865aab89-22be-4f4d-b13c-a45ffdc988c6,Jesse Hopkins,2024-08-21 15:58:53.599067+00:00,2024-10,2024-06,2025-04,44.0,2024-10-31 09:40:00.533124+00:00,20.0,1.13,17.67,2024-06-26 21:58:35.566847+00:00,2025-04-11 15:35:59.584045+00:00,flex dollar savings,unknown,1970-01-01 00:00:00+00:00,1970-01-01 00:00:00+00:00,mobile money,False,20.0,1.13
a0f75302-77d3-4610-86c6-9643fa84cf34,deposit,865aab89-22be-4f4d-b13c-a45ffdc988c6,Jesse Hopkins,2024-08-21 15:58:53.599067+00:00,2024-11,2024-06,2025-04,46.0,2024-11-11 09:40:00.243939+00:00,20.0,1.13,17.6,2024-06-26 21:58:35.566847+00:00,2025-04-11 15:35:59.584045+00:00,flex dollar savings,unknown,1970-01-01 00:00:00+00:00,1970-01-01 00:00:00+00:00,mobile money,False,20.0,1.13
263696e0-a464-4d13-abd8-7aeaf1766054,deposit,865aab89-22be-4f4d-b13c-a45ffdc988c6,Jesse Hopkins,2024-08-21 15:58:53.599067+00:00,2024-11,2024-06,2025-04,44.0,2024-11-01 09:40:00.575452+00:00,360.0,20.53,17.53,2024-06-26 21:58:35.566847+00:00,2025-04-11 15:35:59.584045+00:00,goal savings,unknown,1970-01-01 00:00:00+00:00,1970-01-01 00:00:00+00:00,mobile money,False,360.0,20.53
459027bb-438c-4416-8f91-b1c035e8f007,deposit,865aab89-22be-4f4d-b13c-a45ffdc988c6,Jesse Hopkins,2024-08-21 15:58:53.599067+00:00,2024-11,2024-06,2025-04,44.0,2024-11-01 09:40:00.887576+00:00,20.0,1.14,17.53,2024-06-26 21:58:35.566847+00:00,2025-04-11 15:35:59.584045+00:00,flex dollar savings,unknown,1970-01-01 00:00:00+00:00,1970-01-01 00:00:00+00:00,mobile money,False,20.0,1.14
a269ef93-1e40-41b4-8a68-3dc0bbf415d0,deposit,e79144fd-8cbc-46b3-9354-7d20fc36d259,Jessica Cisneros,2025-03-14 10:07:38.285827+00:00,2025-03,2025-03,2025-04,12.0,2025-03-20 14:33:54.984678+00:00,20.0,1.27,15.71,2025-03-13 17:03:47.446424+00:00,2025-04-23 15:23:16.573061+00:00,goal savings,unknown,1970-01-01 00:00:00+00:00,1970-01-01 00:00:00+00:00,mobile money,False,20.0,1.27
1b76b5cf-3b77-410b-92ff-1cc3ddaf560f,deposit,1f69baa0-fdfc-47ef-941f-a3adfb39e614,Elizabeth Joseph,2024-08-28 17:45:00.126363+00:00,2024-08,2024-06,2025-04,35.0,2024-08-28 17:45:00.126363+00:00,456.46,26.58,17.17,2024-06-27 04:10:34.164284+00:00,2025-04-14 10:28:15.042485+00:00,flex dollar savings,unknown,1970-01-01 00:00:00+00:00,1970-01-01 00:00:00+00:00,mobile money,False,456.46,26.58
09ed5f21-0213-41f7-9eeb-0570f67e6a75,deposit,e79144fd-8cbc-46b3-9354-7d20fc36d259,Jessica Cisneros,2025-03-14 10:07:38.285827+00:00,2025-03,2025-03,2025-04,12.0,2025-03-20 14:43:28.822325+00:00,20.0,1.27,15.71,2025-03-13 17:03:47.446424+00:00,2025-04-23 15:23:16.573061+00:00,goal savings,unknown,1970-01-01 00:00:00+00:00,1970-01-01 00:00:00+00:00,mobile money,False,20.0,1.27
5847e603-ff0c-459a-a0bd-3baf4b5633f7,deposit,865aab89-22be-4f4d-b13c-a45ffdc988c6,Jesse Hopkins,2024-08-21 15:58:53.599067+00:00,2024-11,2024-06,2025-04,44.0,2024-11-02 09:40:00.221935+00:00,20.0,1.13,17.62,2024-06-26 21:58:35.566847+00:00,2025-04-11 15:35:59.584045+00:00,flex dollar savings,unknown,1970-01-01 00:00:00+00:00,1970-01-01 00:00:00+00:00,mobile money,False,20.0,1.13
852df42e-1191-4d4f-a85b-e78b4f69cee4,deposit,865aab89-22be-4f4d-b13c-a45ffdc988c6,Jesse Hopkins,2024-08-21 15:58:53.599067+00:00,2024-11,2024-06,2025-04,44.0,2024-11-03 09:40:00.222199+00:00,20.0,1.14,17.51,2024-06-26 21:58:35.566847+00:00,2025-04-11 15:35:59.584045+00:00,flex dollar savings,unknown,1970-01-01 00:00:00+00:00,1970-01-01 00:00:00+00:00,mobile money,False,20.0,1.14
6ee3bbd4-4abb-4002-8b45-26e753ce846b,deposit,865aab89-22be-4f4d-b13c-a45ffdc988c6,Jesse Hopkins,2024-08-21 15:58:53.599067+00:00,2024-11,2024-06,2025-04,45.0,2024-11-04 09:40:00.240046+00:00,20.0,1.13,17.55,2024-06-26 21:58:35.566847+00:00,2025-04-11 15:35:59.584045+00:00,flex dollar savings,unknown,1970-01-01 00:00:00+00:00,1970-01-01 00:00:00+00:00,mobile money,False,20.0,1.13
9f0238de-3b57-4027-9e4d-041d56ce860e,deposit,865aab89-22be-4f4d-b13c-a45ffdc988c6,Jesse Hopkins,2024-08-21 15:58:53.599067+00:00,2024-11,2024-06,2025-04,45.0,2024-11-05 09:40:00.244655+00:00,20.0,1.13,17.56,2024-06-26 21:58:35.566847+00:00,2025-04-11 15:35:59.584045+00:00,flex dollar savings,unknown,1970-01-01 00:00:00+00:00,1970-01-01 00:00:00+00:00,mobile money,False,20.0,1.13
bc24a78d-e84b-46e6-b389-58c15cdddb6e,deposit,865aab89-22be-4f4d-b13c-a45ffdc988c6,Jesse Hopkins,2024-08-21 15:58:53.599067+00:00,2024-11,2024-06,2025-04,45.0,2024-11-06 09:40:00.226380+00:00,20.0,1.14,17.52,2024-06-26 21:58:35.566847+00:00,2025-04-11 15:35:59.584045+00:00,flex dollar savings,unknown,1970-01-01 00:00:00+00:00,1970-01-01 00:00:00+00:00,mobile money,False,20.0,1.14
3e5c57a7-e660-458e-845c-fc83d6a9a093,deposit,865aab89-22be-4f4d-b13c-a45ffdc988c6,Jesse Hopkins,2024-08-21 15:58:53.599067+00:00,2024-11,2024-06,2025-04,45.0,2024-11-07 09:40:00.222649+00:00,20.0,1.14,17.52,2024-06-26 21:58:35.566847+00:00,2025-04-11 15:35:59.584045+00:00,flex dollar savings,unknown,1970-01-01 00:00:00+00:00,1970-01-01 00:00:00+00:00,mobile money,False,20.0,1.14
3a1f558d-e339-421e-a54c-f2139ff5e884,deposit,fe989999-b36a-4dd5-a2d8-c581dfc4b8f7,Amy Nelson,2025-03-05 16:10:48.464645+00:00,2025-03,2025-03,2025-04,10.0,2025-03-05 16:17:04.876141+00:00,100.0,6.41,15.6,2025-03-05 10:54:22.701530+00:00,2025-04-11 15:35:59.531498+00:00,flex dollar savings,unknown,1970-01-01 00:00:00+00:00,1970-01-01 00:00:00+00:00,mobile money,False,100.0,6.41
fd6db90d-79ba-4b9e-9422-bf9a6e0bebf2,maintenance_fee,1f69baa0-fdfc-47ef-941f-a3adfb39e614,Elizabeth Joseph,2024-08-28 17:45:00.126363+00:00,2024-08,2024-06,2025-04,35.0,2024-08-28 23:05:03.867924+00:00,5.0,0.29,16.52,2024-06-27 04:10:34.164284+00:00,2025-04-14 10:28:15.042485+00:00,flex dollar savings,unknown,1970-01-01 00:00:00+00:00,1970-01-01 00:00:00+00:00,mobile money,False,-5.0,-0.29
fcc2b1c2-7302-4c17-b560-8143719c3774,maintenance_fee,1f69baa0-fdfc-47ef-941f-a3adfb39e614,Elizabeth Joseph,2024-08-28 17:45:00.126363+00:00,2024-09,2024-06,2025-04,39.0,2024-09-28 23:05:03.801919+00:00,5.0,0.29,16.29,2024-06-27 04:10:34.164284+00:00,2025-04-14 10:28:15.042485+00:00,flex dollar savings,unknown,1970-01-01 00:00:00+00:00,1970-01-01 00:00:00+00:00,mobile money,False,-5.0,-0.29
4c62af9e-5c66-4e3c-ae24-142fead239a5,maintenance_fee,1f69baa0-fdfc-47ef-941f-a3adfb39e614,Elizabeth Joseph,2024-08-28 17:45:00.126363+00:00,2024-10,2024-06,2025-04,44.0,2024-10-28 23:05:03.811667+00:00,5.0,0.28,16.94,2024-06-27 04:10:34.164284+00:00,2025-04-14 10:28:15.042485+00:00,flex dollar savings,unknown,1970-01-01 00:00:00+00:00,1970-01-01 00:00:00+00:00,mobile money,False,-5.0,-0.28
7a78b4ec-352c-4bb9-bac7-4e11b184828b,deposit,dbc2b282-d539-40e3-aae5-0e2f007ef9ff,Victoria Bailey,2024-12-17 16:44:05.021697+00:00,2025-02,2024-12,2025-04,7.0,2025-02-13 15:16:27.370779+00:00,1000.0,59.34,16.85,2024-12-10 15:56:26.696407+00:00,2025-04-13 18:28:35.245028+00:00,flex dollar savings,unknown,1970-01-01 00:00:00+00:00,1970-01-01 00:00:00+00:00,mobile money,False,1000.0,59.34
01525314-25b1-4174-8699-f1b2555699b9,maintenance_fee,865aab89-22be-4f4d-b13c-a45ffdc988c6,Jesse Hopkins,2024-08-21 15:58:53.599067+00:00,2024-11,2024-06,2025-04,48.0,2024-11-28 23:05:00.162676+00:00,5.0,0.29,16.49,2024-06-26 21:58:35.566847+00:00,2025-04-11 15:35:59.584045+00:00,flex dollar savings,unknown,1970-01-01 00:00:00+00:00,1970-01-01 00:00:00+00:00,mobile money,False,-5.0,-0.29
287ab174-8121-4363-9304-86fb7316f303,deposit,fe989999-b36a-4dd5-a2d8-c581dfc4b8f7,Amy Nelson,2025-03-05 16:10:48.464645+00:00,2025-03,2025-03,2025-04,10.0,2025-03-05 16:17:06.111818+00:00,100.0,6.41,15.6,2025-03-05 10:54:22.701530+00:00,2025-04-11 15:35:59.531498+00:00,flex dollar savings,unknown,1970-01-01 00:00:00+00:00,1970-01-01 00:00:00+00:00,mobile money,False,100.0,6.41
98a2cb70-15af-419b-8729-24fc30c180d2,withdrawal,e79144fd-8cbc-46b3-9354-7d20fc36d259,Jessica Cisneros,2025-03-14 10:07:38.285827+00:00,2025-03,2025-03,2025-04,12.0,2025-03-20 14:45:06.765951+00:00,20.0,1.28,15.6,2025-03-13 17:03:47.446424+00:00,2025-04-23 15:23:16.573061+00:00,goal savings,unknown,1970-01-01 00:00:00+00:00,1970-01-01 00:00:00+00:00,mobile money,False,-20.0,-1.28
ca3aedee-6d7b-4291-ac1b-0d8d7b6679bf,deposit,dbc2b282-d539-40e3-aae5-0e2f007ef9ff,Victoria Bailey,2024-12-17 16:44:05.021697+00:00,2024-12,2024-12,2025-04,51.0,2024-12-17 16:44:05.021697+00:00,100.0,5.93,16.85,2024-12-10 15:56:26.696407+00:00,2025-04-13 18:28:35.245028+00:00,flex dollar savings,unknown,1970-01-01 00:00:00+00:00,1970-01-01 00:00:00+00:00,mobile money,False,100.0,5.93
04ded3b4-ffe4-4a61-bd39-cc6d2c26d40c,maintenance_fee,1f69baa0-fdfc-47ef-941f-a3adfb39e614,Elizabeth Joseph,2024-08-28 17:45:00.126363+00:00,2024-11,2024-06,2025-04,48.0,2024-11-28 23:05:03.807860+00:00,5.0,0.29,16.49,2024-06-27 04:10:34.164284+00:00,2025-04-14 10:28:15.042485+00:00,flex dollar savings,unknown,1970-01-01 00:00:00+00:00,1970-01-01 00:00:00+00:00,mobile money,False,-5.0,-0.29
5707fd58-4fb3-4add-aa96-033aee7dc41d,deposit,fe989999-b36a-4dd5-a2d8-c581dfc4b8f7,Amy Nelson,2025-03-05 16:10:48.464645+00:00,2025-03,2025-03,2025-04,10.0,2025-03-05 16:17:07.292553+00:00,100.0,6.41,15.6,2025-03-05 10:54:22.701530+00:00,2025-04-11 15:35:59.531498+00:00,flex dollar savings,unknown,1970-01-01 00:00:00+00:00,1970-01-01 00:00:00+00:00,mobile money,False,100.0,6.41
9139532a-5815-4556-8cef-8ba42910452b,deposit,e79144fd-8cbc-46b3-9354-7d20fc36d259,Jessica Cisneros,2025-03-14 10:07:38.285827+00:00,2025-03,2025-03,2025-04,12.0,2025-03-20 14:47:44.720791+00:00,20.0,1.27,15.71,2025-03-13 17:03:47.446424+00:00,2025-04-23 15:23:16.573061+00:00,goal savings,unknown,1970-01-01 00:00:00+00:00,1970-01-01 00:00:00+00:00,mobile money,False,20.0,1.27
f8cc5642-4e61-44a5-b270-a593b796ed4e,deposit,fe989999-b36a-4dd5-a2d8-c581dfc4b8f7,Amy Nelson,2025-03-05 16:10:48.464645+00:00,2025-03,2025-03,2025-04,10.0,2025-03-05 16:17:08.443116+00:00,100.0,6.41,15.6,2025-03-05 10:54:22.701530+00:00,2025-04-11 15:35:59.531498+00:00,flex dollar savings,unknown,1970-01-01 00:00:00+00:00,1970-01-01 00:00:00+00:00,mobile money,False,100.0,6.41
57eb26f5-fb9f-4f84-a500-7ce5be554f9b,deposit,e79144fd-8cbc-46b3-9354-7d20fc36d259,Jessica Cisneros,2025-03-14 10:07:38.285827+00:00,2025-03,2025-03,2025-04,12.0,2025-03-20 14:54:06.074355+00:00,20.0,1.27,15.71,2025-03-13 17:03:47.446424+00:00,2025-04-23 15:23:16.573061+00:00,goal savings,unknown,1970-01-01 00:00:00+00:00,1970-01-01 00:00:00+00:00,mobile money,False,20.0,1.27
97f130fb-1889-422d-a386-aa37e284a9d4,deposit,8006fbd3-98f7-411c-967c-8c0e19d4fe73,Christopher Morris,2025-03-27 11:38:06.466630+00:00,2025-03,2025-02,2025-04,13.0,2025-03-27 11:38:06.466630+00:00,5000.0,317.66,15.74,2025-02-14 11:33:45.404175+00:00,2025-04-17 10:16:39.189853+00:00,flex dollar savings,unknown,1970-01-01 00:00:00+00:00,1970-01-01 00:00:00+00:00,mobile money,False,5000.0,317.66
4fac5ea7-d535-4229-8ece-770986c11fa7,maintenance_fee,8006fbd3-98f7-411c-967c-8c0e19d4fe73,Christopher Morris,2025-03-27 11:38:06.466630+00:00,2025-03,2025-02,2025-04,13.0,2025-03-28 23:05:00.121106+00:00,5.0,0.31,15.6,2025-02-14 11:33:45.404175+00:00,2025-04-17 10:16:39.189853+00:00,flex dollar savings,unknown,1970-01-01 00:00:00+00:00,1970-01-01 00:00:00+00:00,mobile money,False,-5.0,-0.31
8c4798c8-4c7c-4cab-b6c5-624aa5c93119,maintenance_fee,e79144fd-8cbc-46b3-9354-7d20fc36d259,Jessica Cisneros,2025-03-14 10:07:38.285827+00:00,2025-03,2025-03,2025-04,13.0,2025-03-28 23:05:00.141589+00:00,5.0,0.31,15.6,2025-03-13 17:03:47.446424+00:00,2025-04-23 15:23:16.573061+00:00,goal savings,unknown,1970-01-01 00:00:00+00:00,1970-01-01 00:00:00+00:00,mobile money,False,-5.0,-0.31
add1c818-6851-4b61-8506-28f103abf060,maintenance_fee,c672a6a6-d79a-4c72-a4a2-ecaad65a8d92,Robert Hernandez,2025-03-12 17:26:49.260758+00:00,2025-03,2025-03,2025-04,13.0,2025-03-28 23:05:00.150526+00:00,5.0,0.31,15.6,2025-03-07 10:48:14.516950+00:00,2025-04-11 15:35:59.526872+00:00,flex dollar savings,unknown,1970-01-01 00:00:00+00:00,1970-01-01 00:00:00+00:00,mobile money,False,-5.0,-0.31
c7ae1990-9f09-4d4d-83ef-62d8a5bad9e0,maintenance_fee,f7078c0c-a304-4900-89b5-e963594ba58b,Karen Alvarez,2025-03-11 15:10:17.790509+00:00,2025-03,2024-06,2025-04,13.0,2025-03-28 23:05:00.159692+00:00,5.0,0.31,15.6,2024-06-27 04:12:17.502769+00:00,2025-04-11 15:35:59.575604+00:00,flex dollar savings,unknown,1970-01-01 00:00:00+00:00,1970-01-01 00:00:00+00:00,mobile money,False,-5.0,-0.31
dc15839b-3ffc-4fa4-a264-a230f7c356b4,maintenance_fee,fe989999-b36a-4dd5-a2d8-c581dfc4b8f7,Amy Nelson,2025-03-05 16:10:48.464645+00:00,2025-03,2025-03,2025-04,13.0,2025-03-28 23:05:00.169156+00:00,5.0,0.31,15.6,2025-03-05 10:54:22.701530+00:00,2025-04-11 15:35:59.531498+00:00,flex dollar savings,unknown,1970-01-01 00:00:00+00:00,1970-01-01 00:00:00+00:00,mobile money,False,-5.0,-0.31
6a48e0df-f302-49f7-b73d-3dac1db40212,maintenance_fee,dbc2b282-d539-40e3-aae5-0e2f007ef9ff,Victoria Bailey,2024-12-17 16:44:05.021697+00:00,2025-03,2024-12,2025-04,13.0,2025-03-28 23:05:00.179265+00:00,5.0,0.31,15.6,2024-12-10 15:56:26.696407+00:00,2025-04-13 18:28:35.245028+00:00,flex dollar savings,unknown,1970-01-01 00:00:00+00:00,1970-01-01 00:00:00+00:00,mobile money,False,-5.0,-0.31
33b1df23-c7a9-4ece-b353-50c0f76d4cfb,maintenance_fee,865aab89-22be-4f4d-b13c-a45ffdc988c6,Jesse Hopkins,2024-08-21 15:58:53.599067+00:00,2025-03,2024-06,2025-04,13.0,2025-03-28 23:05:00.188668+00:00,5.0,0.31,15.6,2024-06-26 21:58:35.566847+00:00,2025-04-11 15:35:59.584045+00:00,flex dollar savings,unknown,1970-01-01 00:00:00+00:00,1970-01-01 00:00:00+00:00,mobile money,False,-5.0,-0.31
5cfaf9b0-501f-42f8-9267-341869f7616b,maintenance_fee,1f69baa0-fdfc-47ef-941f-a3adfb39e614,Elizabeth Joseph,2024-08-28 17:45:00.126363+00:00,2025-03,2024-06,2025-04,13.0,2025-03-28 23:05:00.212349+00:00,5.0,0.31,15.6,2024-06-27 04:10:34.164284+00:00,2025-04-14 10:28:15.042485+00:00,flex dollar savings,unknown,1970-01-01 00:00:00+00:00,1970-01-01 00:00:00+00:00,mobile money,False,-5.0,-0.31
ee46b508-4f32-4c9a-a620-daca992e12ff,deposit,e79144fd-8cbc-46b3-9354-7d20fc36d259,Jessica Cisneros,2025-03-14 10:07:38.285827+00:00,2025-04,2025-03,2025-04,15.0,2025-04-11 12:28:40.014206+00:00,50.0,3.18,15.71,2025-03-13 17:03:47.446424+00:00,2025-04-23 15:23:16.573061+00:00,goal savings,unknown,1970-01-01 00:00:00+00:00,1970-01-01 00:00:00+00:00,mobile money,False,50.0,3.18
8b1751be-6ac6-46e2-bc64-cc0bac2e745b,deposit,aa26c5e1-d040-4a33-ab51-8767737d5975,Joshua Paul,2025-04-12 17:02:17.916563+00:00,2025-04,2025-02,2025-04,15.0,2025-04-12 17:02:17.916563+00:00,3922.5,250.0,15.69,2025-02-13 12:39:46.275603+00:00,2025-04-17 12:22:02.279780+00:00,goal savings,unknown,1970-01-01 00:00:00+00:00,1970-01-01 00:00:00+00:00,mobile money,False,3922.5,250.0
702f8f96-8313-4317-92de-3740b7f5eeba,deposit,fe989999-b36a-4dd5-a2d8-c581dfc4b8f7,Amy Nelson,2025-03-05 16:10:48.464645+00:00,2025-03,2025-03,2025-04,10.0,2025-03-05 16:17:09.565022+00:00,100.0,6.41,15.6,2025-03-05 10:54:22.701530+00:00,2025-04-11 15:35:59.531498+00:00,flex dollar savings,unknown,1970-01-01 00:00:00+00:00,1970-01-01 00:00:00+00:00,mobile money,False,100.0,6.41
918a9561-2d95-4ce4-8b34-2f4321780e28,deposit,e79144fd-8cbc-46b3-9354-7d20fc36d259,Jessica Cisneros,2025-03-14 10:07:38.285827+00:00,2025-03,2025-03,2025-04,12.0,2025-03-20 15:05:45.990610+00:00,20.0,1.27,15.71,2025-03-13 17:03:47.446424+00:00,2025-04-23 15:23:16.573061+00:00,goal savings,unknown,1970-01-01 00:00:00+00:00,1970-01-01 00:00:00+00:00,mobile money,False,20.0,1.27
94edb752-17e3-46dc-899d-fcb99dc99a73,deposit,fe989999-b36a-4dd5-a2d8-c581dfc4b8f7,Amy Nelson,2025-03-05 16:10:48.464645+00:00,2025-03,2025-03,2025-04,10.0,2025-03-05 16:17:10.644023+00:00,100.0,6.41,15.6,2025-03-05 10:54:22.701530+00:00,2025-04-11 15:35:59.531498+00:00,flex dollar savings,unknown,1970-01-01 00:00:00+00:00,1970-01-01 00:00:00+00:00,mobile money,False,100.0,6.41
0c3241e0-5a66-4cbd-9cb6-8842dc14846f,maintenance_fee,dbc2b282-d539-40e3-aae5-0e2f007ef9ff,Victoria Bailey,2024-12-17 16:44:05.021697+00:00,2025-02,2024-12,2025-04,9.0,2025-02-28 23:05:00.145063+00:00,5.0,0.29,16.33,2024-12-10 15:56:26.696407+00:00,2025-04-13 18:28:35.245028+00:00,flex dollar savings,unknown,1970-01-01 00:00:00+00:00,1970-01-01 00:00:00+00:00,mobile money,False,-5.0,-0.29
f8b41dab-8f6e-4321-8ea8-687e31f92e63,maintenance_fee,865aab89-22be-4f4d-b13c-a45ffdc988c6,Jesse Hopkins,2024-08-21 15:58:53.599067+00:00,2025-02,2024-06,2025-04,9.0,2025-02-28 23:05:00.170896+00:00,5.0,0.29,16.33,2024-06-26 21:58:35.566847+00:00,2025-04-11 15:35:59.584045+00:00,flex dollar savings,unknown,1970-01-01 00:00:00+00:00,1970-01-01 00:00:00+00:00,mobile money,False,-5.0,-0.29
1ead8be1-eff5-4abe-af0d-c14fd61c6ee2,maintenance_fee,1f69baa0-fdfc-47ef-941f-a3adfb39e614,Elizabeth Joseph,2024-08-28 17:45:00.126363+00:00,2025-02,2024-06,2025-04,9.0,2025-02-28 23:05:00.206783+00:00,5.0,0.29,16.33,2024-06-27 04:10:34.164284+00:00,2025-04-14 10:28:15.042485+00:00,flex dollar savings,unknown,1970-01-01 00:00:00+00:00,1970-01-01 00:00:00+00:00,mobile money,False,-5.0,-0.29
b19bc3d9-b168-4d20-b534-e9dad375f673,maintenance_fee,dbc2b282-d539-40e3-aae5-0e2f007ef9ff,Victoria Bailey,2024-12-17 16:44:05.021697+00:00,2024-12,2024-12,2025-04,52.0,2024-12-28 23:05:00.152016+00:00,5.0,0.29,16.33,2024-12-10 15:56:26.696407+00:00,2025-04-13 18:28:35.245028+00:00,flex dollar savings,unknown,1970-01-01 00:00:00+00:00,1970-01-01 00:00:00+00:00,mobile money,False,-5.0,-0.29
8c53f960-ce5b-4e16-a6b9-0bc4a8a02f7c,maintenance_fee,865aab89-22be-4f4d-b13c-a45ffdc988c6,Jesse Hopkins,2024-08-21 15:58:53.599067+00:00,2024-12,2024-06,2025-04,52.0,2024-12-28 23:05:00.190245+00:00,5.0,0.29,16.33,2024-06-26 21:58:35.566847+00:00,2025-04-11 15:35:59.584045+00:00,flex dollar savings,unknown,1970-01-01 00:00:00+00:00,1970-01-01 00:00:00+00:00,mobile money,False,-5.0,-0.29
42dfaf20-8026-4014-b704-59501d89588e,maintenance_fee,1f69baa0-fdfc-47ef-941f-a3adfb39e614,Elizabeth Joseph,2024-08-28 17:45:00.126363+00:00,2024-12,2024-06,2025-04,52.0,2024-12-28 23:05:00.242483+00:00,5.0,0.29,16.33,2024-06-27 04:10:34.164284+00:00,2025-04-14 10:28:15.042485+00:00,flex dollar savings,unknown,1970-01-01 00:00:00+00:00,1970-01-01 00:00:00+00:00,mobile money,False,-5.0,-0.29
e0cccbb5-a623-4f7a-95c5-7d5194292295,deposit,865aab89-22be-4f4d-b13c-a45ffdc988c6,Jesse Hopkins,2024-08-21 15:58:53.599067+00:00,2024-11,2024-06,2025-04,45.0,2024-11-07 17:36:32.547962+00:00,205.0,11.7,17.52,2024-06-26 21:58:35.566847+00:00,2025-04-11 15:35:59.584045+00:00,regular investment,Risevest fixed income,2025-12-31 00:00:00+00:00,2025-05-06 00:00:00+00:00,mobile money,False,205.0,11.7
cdcb6f3d-5eea-4eb8-93b6-ad6765aaea5f,deposit,865aab89-22be-4f4d-b13c-a45ffdc988c6,Jesse Hopkins,2024-08-21 15:58:53.599067+00:00,2024-09,2024-06,2025-04,38.0,2024-09-18 13:41:00.704508+00:00,912.25,53.91,16.92,2024-06-26 21:58:35.566847+00:00,2025-04-11 15:35:59.584045+00:00,regular investment,Risevest real estate,2025-12-31 00:00:00+00:00,2025-06-15 00:00:00+00:00,mobile money,False,912.25,53.91
27919550-f2d3-4651-80a3-9d4432ed4168,deposit,8006fbd3-98f7-411c-967c-8c0e19d4fe73,Christopher Morris,2025-03-27 11:38:06.466630+00:00,2025-03,2025-02,2025-04,13.0,2025-03-27 12:00:38.700796+00:00,2562.5,162.8,15.74,2025-02-14 11:33:45.404175+00:00,2025-04-17 10:16:39.189853+00:00,regular investment,Risevest real estate,2025-12-31 00:00:00+00:00,2025-09-26 00:00:00+00:00,mobile money,False,2562.5,162.8
cad6a8dc-8bc4-4244-a1e5-12788bbcf719,deposit,865aab89-22be-4f4d-b13c-a45ffdc988c6,Jesse Hopkins,2024-08-21 15:58:53.599067+00:00,2024-09,2024-06,2025-04,38.0,2024-09-18 13:40:31.694449+00:00,912.25,53.91,16.92,2024-06-26 21:58:35.566847+00:00,2025-04-11 15:35:59.584045+00:00,regular investment,Risevest real estate,2025-12-31 00:00:00+00:00,2025-06-15 00:00:00+00:00,mobile money,False,912.25,53.91
1e5f7045-7216-4ddd-8413-3acadbb2879e,deposit,fe989999-b36a-4dd5-a2d8-c581dfc4b8f7,Amy Nelson,2025-03-05 16:10:48.464645+00:00,2025-03,2025-03,2025-04,10.0,2025-03-05 16:17:02.351710+00:00,100.0,6.41,15.6,2025-03-05 10:54:22.701530+00:00,2025-04-11 15:35:59.531498+00:00,flex dollar savings,unknown,1970-01-01 00:00:00+00:00,1970-01-01 00:00:00+00:00,mobile money,False,100.0,6.41
17f4b26b-3794-4e22-a0a7-e15743537ad2,deposit,fe989999-b36a-4dd5-a2d8-c581dfc4b8f7,Amy Nelson,2025-03-05 16:10:48.464645+00:00,2025-03,2025-03,2025-04,10.0,2025-03-05 16:17:03.593623+00:00,100.0,6.41,15.6,2025-03-05 10:54:22.701530+00:00,2025-04-11 15:35:59.531498+00:00,flex dollar savings,unknown,1970-01-01 00:00:00+00:00,1970-01-01 00:00:00+00:00,mobile money,False,100.0,6.41
